{
    "logistic_regression": {
        "accuracy": 0.7168333333333333,
        "precision": 0.6601769911504425,
        "recall": 0.49910793933987513,
        "f1": 0.5684531369062739,
        "roc_auc": 0.7293205953970809
    }
}